{"cameraMode":{"drawMode":0,"name":"Shaded","section":"Shading Mode"},"sceneLighting":true,"audioPlay":false,"sceneViewState":{"showFog":true,"showMaterialUpdate":true,"showSkybox":false,"showFlares":true,"showImageEffects":true,"showParticleSystems":true},"in2DMode":false,"pivot":{"x":-18.598636627197267,"y":13.54063606262207,"z":-8.799297332763672},"rotation":{"x":-0.15557557344436646,"y":0.6766437292098999,"z":-0.14953696727752686,"w":-0.7039803266525269},"size":37.72343826293945,"orthographic":false}