{"cameraMode":{"drawMode":0,"name":"Shaded","section":"Shading Mode"},"sceneLighting":true,"audioPlay":false,"sceneViewState":{"showFog":true,"showMaterialUpdate":true,"showSkybox":false,"showFlares":true,"showImageEffects":true,"showParticleSystems":true},"in2DMode":false,"pivot":{"x":0.28262895345687868,"y":0.9755635857582092,"z":-15.765812873840332},"rotation":{"x":0.03916097432374954,"y":-0.0838412195444107,"z":0.0032972649205476047,"w":0.995703935623169},"size":0.19510811567306519,"orthographic":false}