{"cameraMode":{"drawMode":0,"name":"Shaded","section":"Shading Mode"},"sceneLighting":true,"audioPlay":false,"sceneViewState":{"showFog":true,"showMaterialUpdate":true,"showSkybox":false,"showFlares":true,"showImageEffects":true,"showParticleSystems":true},"in2DMode":false,"pivot":{"x":-6.978734493255615,"y":-0.5320382714271545,"z":0.90532386302948},"rotation":{"x":0.05266193673014641,"y":0.9441803097724915,"z":-0.18678881227970124,"w":0.26619604229927065},"size":29.70955467224121,"orthographic":false}