{"cameraMode":{"drawMode":0,"name":"Shaded","section":"Shading Mode"},"sceneLighting":true,"audioPlay":false,"sceneViewState":{"showFog":true,"showMaterialUpdate":true,"showSkybox":false,"showFlares":true,"showImageEffects":true,"showParticleSystems":true},"in2DMode":false,"pivot":{"x":-2.1204171180725099,"y":11.593345642089844,"z":-15.886509895324707},"rotation":{"x":0.019655073061585428,"y":-0.12416141480207443,"z":0.0024595321156084539,"w":0.992064356803894},"size":35.18624496459961,"orthographic":false}