{"cameraMode":{"drawMode":0,"name":"Shaded","section":"Shading Mode"},"sceneLighting":true,"audioPlay":false,"sceneViewState":{"showFog":true,"showMaterialUpdate":true,"showSkybox":false,"showFlares":true,"showImageEffects":true,"showParticleSystems":true},"in2DMode":false,"pivot":{"x":0.5771358013153076,"y":7.376035690307617,"z":-0.11928710341453552},"rotation":{"x":0.0003077808069065213,"y":-0.11226774007081986,"z":0.000034530323318904266,"w":0.9936779737472534},"size":12.78521728515625,"orthographic":false}