{"cameraMode":{"drawMode":0,"name":"Shaded","section":"Shading Mode"},"sceneLighting":true,"audioPlay":false,"sceneViewState":{"showFog":true,"showMaterialUpdate":true,"showSkybox":false,"showFlares":true,"showImageEffects":true,"showParticleSystems":true},"in2DMode":false,"pivot":{"x":-5.248266220092773,"y":7.337589263916016,"z":11.550485610961914},"rotation":{"x":0.03328355401754379,"y":-0.03448058292269707,"z":0.0011488121235743166,"w":0.9988503456115723},"size":28.193397521972658,"orthographic":false}