{"cameraMode":{"drawMode":0,"name":"Shaded","section":"Shading Mode"},"sceneLighting":true,"audioPlay":false,"sceneViewState":{"showFog":true,"showMaterialUpdate":true,"showSkybox":false,"showFlares":true,"showImageEffects":true,"showParticleSystems":true},"in2DMode":false,"pivot":{"x":0.8775098323822022,"y":1.2328951358795167,"z":-0.05436936020851135},"rotation":{"x":0.0003077808069065213,"y":-0.11226774007081986,"z":0.000034530323318904266,"w":0.9936779737472534},"size":26.8341121673584,"orthographic":false}