{"cameraMode":{"drawMode":0,"name":"Shaded","section":"Shading Mode"},"sceneLighting":true,"audioPlay":false,"sceneViewState":{"showFog":true,"showMaterialUpdate":true,"showSkybox":false,"showFlares":true,"showImageEffects":true,"showParticleSystems":true},"in2DMode":false,"pivot":{"x":-0.16153797507286073,"y":14.893311500549317,"z":3.238089084625244},"rotation":{"x":0.21022559702396394,"y":0.005859606433659792,"z":-0.0012600928312167526,"w":0.9776345491409302},"size":24.27772331237793,"orthographic":false}