{"cameraMode":{"drawMode":0,"name":"Shaded","section":"Shading Mode"},"sceneLighting":true,"audioPlay":false,"sceneViewState":{"showFog":true,"showMaterialUpdate":true,"showSkybox":false,"showFlares":true,"showImageEffects":true,"showParticleSystems":true},"in2DMode":false,"pivot":{"x":-10.314153671264649,"y":25.804332733154298,"z":-0.2751196026802063},"rotation":{"x":-0.2165771722793579,"y":-0.44348275661468508,"z":0.11135303229093552,"w":-0.862564742565155},"size":38.00409698486328,"orthographic":false}