{"cameraMode":{"drawMode":0,"name":"Shaded","section":"Shading Mode"},"sceneLighting":true,"audioPlay":false,"sceneViewState":{"showFog":true,"showMaterialUpdate":true,"showSkybox":false,"showFlares":true,"showImageEffects":true,"showParticleSystems":true},"in2DMode":false,"pivot":{"x":2.638451099395752,"y":9.32623291015625,"z":-5.61501407623291},"rotation":{"x":0.019655073061585428,"y":-0.12416141480207443,"z":0.0024595321156084539,"w":0.992064356803894},"size":3.937072515487671,"orthographic":false}