{"cameraMode":{"drawMode":0,"name":"Shaded","section":"Shading Mode"},"sceneLighting":true,"audioPlay":false,"sceneViewState":{"showFog":true,"showMaterialUpdate":true,"showSkybox":false,"showFlares":true,"showImageEffects":true,"showParticleSystems":true},"in2DMode":false,"pivot":{"x":0.16019873321056367,"y":6.02133321762085,"z":-0.32205677032470705},"rotation":{"x":0.04828884080052376,"y":0.008982650004327298,"z":-0.000434431858593598,"w":0.9987929463386536},"size":12.451434135437012,"orthographic":false}