{"cameraMode":{"drawMode":0,"name":"Shaded","section":"Shading Mode"},"sceneLighting":true,"audioPlay":false,"sceneViewState":{"showFog":true,"showMaterialUpdate":true,"showSkybox":false,"showFlares":true,"showImageEffects":true,"showParticleSystems":true},"in2DMode":false,"pivot":{"x":-13.144899368286133,"y":7.083305358886719,"z":-4.486515045166016},"rotation":{"x":-0.27104923129081728,"y":0.010685397312045098,"z":-0.0030080783180892469,"w":-0.9625014662742615},"size":30.769521713256837,"orthographic":false}