{"cameraMode":{"drawMode":0,"name":"Shaded","section":"Shading Mode"},"sceneLighting":true,"audioPlay":false,"sceneViewState":{"showFog":true,"showMaterialUpdate":true,"showSkybox":false,"showFlares":true,"showImageEffects":true,"showParticleSystems":true},"in2DMode":false,"pivot":{"x":1.3154208660125733,"y":3.4515738487243654,"z":-11.456941604614258},"rotation":{"x":0.1730949878692627,"y":-0.14129790663719178,"z":0.025100352242588998,"w":0.9743937253952026},"size":3.2813308238983156,"orthographic":false}