{"cameraMode":{"drawMode":0,"name":"Shaded","section":"Shading Mode"},"sceneLighting":true,"audioPlay":false,"sceneViewState":{"showFog":true,"showMaterialUpdate":true,"showSkybox":false,"showFlares":true,"showImageEffects":true,"showParticleSystems":true},"in2DMode":false,"pivot":{"x":4.079999923706055,"y":6.213586807250977,"z":-0.37396740913391116},"rotation":{"x":0.04828884080052376,"y":0.008982650004327298,"z":-0.000434431858593598,"w":0.9987929463386536},"size":20.066864013671876,"orthographic":false}