{"cameraMode":{"drawMode":0,"name":"Shaded","section":"Shading Mode"},"sceneLighting":true,"audioPlay":false,"sceneViewState":{"showFog":true,"showMaterialUpdate":true,"showSkybox":false,"showFlares":true,"showImageEffects":true,"showParticleSystems":true},"in2DMode":false,"pivot":{"x":0.28262895345687868,"y":0.9755635857582092,"z":-15.765812873840332},"rotation":{"x":0.10038106143474579,"y":-0.425554484128952,"z":0.04756474494934082,"w":0.8980894684791565},"size":14.27503490447998,"orthographic":false}