{"cameraMode":{"drawMode":0,"name":"Shaded","section":"Shading Mode"},"sceneLighting":true,"audioPlay":false,"sceneViewState":{"showFog":true,"showMaterialUpdate":true,"showSkybox":false,"showFlares":true,"showImageEffects":true,"showParticleSystems":true},"in2DMode":false,"pivot":{"x":-1.2818353176116944,"y":4.95277738571167,"z":0.12478017807006836},"rotation":{"x":-0.192611426115036,"y":-0.2818906009197235,"z":0.05787620693445206,"w":-0.9381305575370789},"size":33.96369171142578,"orthographic":true}