{"cameraMode":{"drawMode":0,"name":"Shaded","section":"Shading Mode"},"sceneLighting":true,"audioPlay":false,"sceneViewState":{"showFog":true,"showMaterialUpdate":true,"showSkybox":false,"showFlares":true,"showImageEffects":true,"showParticleSystems":true},"in2DMode":false,"pivot":{"x":3.334404945373535,"y":0.7517556548118591,"z":-0.3327638506889343},"rotation":{"x":0.04828884080052376,"y":0.008982650004327298,"z":-0.000434431858593598,"w":0.9987929463386536},"size":22.0,"orthographic":false}