{"cameraMode":{"drawMode":0,"name":"Shaded","section":"Shading Mode"},"sceneLighting":true,"audioPlay":false,"sceneViewState":{"showFog":true,"showMaterialUpdate":true,"showSkybox":false,"showFlares":true,"showImageEffects":true,"showParticleSystems":true},"in2DMode":false,"pivot":{"x":-3.3117599487304689,"y":18.686996459960939,"z":7.470422744750977},"rotation":{"x":-0.3140416145324707,"y":-0.127939373254776,"z":0.042753152549266818,"w":-0.9397774338722229},"size":74.26091766357422,"orthographic":true}