{"cameraMode":{"drawMode":0,"name":"Shaded","section":"Shading Mode"},"sceneLighting":true,"audioPlay":false,"sceneViewState":{"showFog":true,"showMaterialUpdate":true,"showSkybox":false,"showFlares":true,"showImageEffects":true,"showParticleSystems":true},"in2DMode":false,"pivot":{"x":6.797684669494629,"y":4.800771713256836,"z":11.161378860473633},"rotation":{"x":-0.10119087994098664,"y":-0.3496522605419159,"z":0.03802015632390976,"w":-0.9306224584579468},"size":32.584205627441409,"orthographic":false}