{"cameraMode":{"drawMode":0,"name":"Shaded","section":"Shading Mode"},"sceneLighting":true,"audioPlay":false,"sceneViewState":{"showFog":true,"showMaterialUpdate":true,"showSkybox":false,"showFlares":true,"showImageEffects":true,"showParticleSystems":true},"in2DMode":false,"pivot":{"x":-8.492165565490723,"y":8.174026489257813,"z":2.8146615028381349},"rotation":{"x":-0.19201858341693879,"y":-0.248080775141716,"z":0.05024125054478645,"w":-0.9481881260871887},"size":32.486602783203128,"orthographic":true}